Day,renew_passport
2021/7/1,63
2021/7/2,51
2021/7/3,42
2021/7/4,33
2021/7/5,53
2021/7/6,79
2021/7/7,73
2021/7/8,88
2021/7/9,67
2021/7/10,47
2021/7/11,60
2021/7/12,77
2021/7/13,60
2021/7/14,85
2021/7/15,64
2021/7/16,70
2021/7/17,35
2021/7/18,74
2021/7/19,100
2021/7/20,80
2021/7/21,81
2021/7/22,88
2021/7/23,61
2021/7/24,61
2021/7/25,70
2021/7/26,74
2021/7/27,70
2021/7/28,81
2021/7/29,75
2021/7/30,39
2021/7/31,46
2021/8/1,59
2021/8/2,73
2021/8/3,46
2021/8/4,60
2021/8/5,61
2021/8/6,41
2021/8/7,34
2021/8/8,38
2021/8/9,56
2021/8/10,50
2021/8/11,57
2021/8/12,55
2021/8/13,45
2021/8/14,42
2021/8/15,43
2021/8/16,55
2021/8/17,70
2021/8/18,41
2021/8/19,53
2021/8/20,37
2021/8/21,29
2021/8/22,35
2021/8/23,57
2021/8/24,52
2021/8/25,35
2021/8/26,47
2021/8/27,43
2021/8/28,15
2021/8/29,37
2021/8/30,50
2021/8/31,67
2021/9/1,50
2021/9/2,37
2021/9/3,41
2021/9/4,31
2021/9/5,29
2021/9/6,30
2021/9/7,44
2021/9/8,58
2021/9/9,35
2021/9/10,28
2021/9/11,31
2021/9/12,41
2021/9/13,60
2021/9/14,34
2021/9/15,44
2021/9/16,56
2021/9/17,27
2021/9/18,24
2021/9/19,18
2021/9/20,55
2021/9/21,58
2021/9/22,51
2021/9/23,43
2021/9/24,32
2021/9/25,26
2021/9/26,32
2021/9/27,52
2021/9/28,35
2021/9/29,45
2021/9/30,38
2021/10/1,48
2021/10/2,21
2021/10/3,29
2021/10/4,49
2021/10/5,67
2021/10/6,57
2021/10/7,37
2021/10/8,40
2021/10/9,38
2021/10/10,39
2021/10/11,56
2021/10/12,60
2021/10/13,49
2021/10/14,37
2021/10/15,36
2021/10/16,50
2021/10/17,16
2021/10/18,48
2021/10/19,44
2021/10/20,50
2021/10/21,19
2021/10/22,45
2021/10/23,38
2021/10/24,32
2021/10/25,44
2021/10/26,48
2021/10/27,58
2021/10/28,61
2021/10/29,36
2021/10/30,20
2021/10/31,33
2021/11/1,51
2021/11/2,43
2021/11/3,46
2021/11/4,42
2021/11/5,53
2021/11/6,35
2021/11/7,44
2021/11/8,73
2021/11/9,51
2021/11/10,61
2021/11/11,59
2021/11/12,37
2021/11/13,32
2021/11/14,35
